12,5,2006,1,30,0,0,0,1
12,5,2006,2,0,0,0,0,1
12,5,2006,2,30,0,0,0,1
12,5,2006,3,0,0,0,0,1
12,5,2006,3,30,0,0,0,1
12,5,2006,4,0,0,0,0,1
12,5,2006,4,30,0,0,0,1
12,5,2006,5,0,0,0,0,1
12,5,2006,5,30,0,0,0,1
12,5,2006,6,0,1.8,5,0,1
12,5,2006,6,30,18.9,54,0,1
12,5,2006,7,0,36.8,138,0,1
12,5,2006,7,30,55.6,228,232.5,1
12,5,2006,8,0,214.9,344,220,1
12,5,2006,8,30,299,409,0,1
12,5,2006,9,0,406.3,453,0,1
12,5,2006,9,30,341,482,32.5,1
12,5,2006,10,0,362.2,497,137.5,1
12,5,2006,10,30,654,502,137.5,1
12,5,2006,11,0,738.5,453,142.5,1
12,5,2006,11,30,698,389,142.5,1
12,5,2006,12,0,851.5,451,140,1
12,5,2006,12,30,902.7,366,137.5,1
12,5,2006,13,0,905.7,335,145,1
12,5,2006,13,30,908.5,273,137.5,1
12,5,2006,14,0,884.8,246,132.5,1
12,5,2006,14,30,831.9,292,145,1
12,5,2006,15,0,805,233,172.5,1
12,5,2006,15,30,794.4,200,137.5,1
12,5,2006,16,0,712.9,181,150,1
12,5,2006,16,30,635.6,166,167.5,1
12,5,2006,17,0,539.9,159,147.5,1
12,5,2006,17,30,448.8,153,140,1
12,5,2006,18,0,303.8,137,140,1
12,5,2006,18,30,237.7,132,140,1
12,5,2006,19,0,77,104,0,1
12,5,2006,19,30,54.9,84,0,1
12,5,2006,20,0,26.3,44,0,1
12,5,2006,20,30,0.2,4,0,1
12,5,2006,21,0,0,0,0,1
12,5,2006,21,30,0,0,0,1
12,5,2006,22,0,0,0,0,1
12,5,2006,22,30,0,0,0,1
12,5,2006,23,0,0,0,0,1
12,5,2006,23,30,0,0,0,1
13,5,2006,0,0,0,0,0,1
13,5,2006,0,30,0,0,0,1
13,5,2006,1,0,0,0,0,1
13,5,2006,1,30,0,0,0,1
13,5,2006,2,0,0,0,0,1
13,5,2006,2,30,0,0,0,1
13,5,2006,3,0,0,0,0,1
13,5,2006,3,30,0,0,0,1
13,5,2006,4,0,0,0,0,1
13,5,2006,4,30,0,0,0,1
13,5,2006,5,0,0,0,0,1
13,5,2006,5,30,0,0,0,1
13,5,2006,6,0,0,0,0,1
13,5,2006,6,30,6.9,13,0,1
13,5,2006,7,0,20.6,45,0,1
13,5,2006,7,30,46.4,112,240,1
13,5,2006,8,0,59,124,170,1
13,5,2006,8,30,77.5,248,0,1
13,5,2006,9,0,174.7,558,100,1
13,5,2006,9,30,496.8,847,252.5,1
13,5,2006,10,0,357.6,706,170,1
13,5,2006,10,30,670.8,710,162.5,1
13,5,2006,11,0,262.4,717,190,1
13,5,2006,11,30,295.2,573,160,1
13,5,2006,12,0,905.8,1032,142.5,1
13,5,2006,12,30,910.1,502,135,1
13,5,2006,13,0,912.3,381,150,1
13,5,2006,13,30,897.2,395,135,1
13,5,2006,14,0,879.5,277,172.5,1
13,5,2006,14,30,861.1,268,180,1
13,5,2006,15,0,809.8,252,135,1
13,5,2006,15,30,764.7,243,137.5,1
13,5,2006,16,0,692.3,230,147.5,1
13,5,2006,16,30,628.7,225,137.5,1
13,5,2006,17,0,394.7,200,145,1
13,5,2006,17,30,444.4,206,150,1
13,5,2006,18,0,320.1,175,150,1
13,5,2006,18,30,244.7,143,142.5,1
13,5,2006,19,0,133,97,37.5,1
13,5,2006,19,30,55.8,63,0,1
13,5,2006,20,0,13.7,20,0,1
13,5,2006,20,30,0.6,2,0,1
13,5,2006,21,0,0,0,0,1
13,5,2006,21,30,0,0,0,1
13,5,2006,22,0,0,0,0,1
13,5,2006,22,30,0,0,0,1
13,5,2006,23,0,0,0,0,1
13,5,2006,23,30,0,0,0,1
14,5,2006,0,0,0,0,0,0
14,5,2006,0,30,0,0,0,0
14,5,2006,1,0,0,0,0,0
14,5,2006,1,30,0,0,0,0
14,5,2006,2,0,0,0,0,0
14,5,2006,2,30,0,0,0,0
14,5,2006,3,0,0,0,0,0
14,5,2006,3,30,0,0,0,0
14,5,2006,4,0,0,0,0,0
14,5,2006,4,30,0,0,0,0
14,5,2006,5,0,0,0,0,0
14,5,2006,5,30,0,0,0,0
14,5,2006,6,0,2.4,7,0,0
14,5,2006,6,30,17.3,48,0,0
14,5,2006,7,0,29.3,125,0,0
14,5,2006,7,30,39.1,193,0,0
14,5,2006,8,0,242.8,308,0,0
14,5,2006,8,30,252.7,317,220,0
14,5,2006,9,0,423.7,395,245,0
14,5,2006,9,30,438.1,417,250,0
14,5,2006,10,0,278.7,412,50,0
14,5,2006,10,30,681.9,388,0,0
14,5,2006,11,0,764.6,372,0,0
14,5,2006,11,30,863.1,432,0,0
14,5,2006,12,0,874,478,0,0
14,5,2006,12,30,926.1,350,0,0
14,5,2006,13,0,846.2,293,0,0
14,5,2006,13,30,902.4,259,0,0
14,5,2006,14,0,889.1,221,0,0
14,5,2006,14,30,862.3,203,0,0
14,5,2006,15,0,831.5,221,0,0
14,5,2006,15,30,825.6,224,0,0
14,5,2006,16,0,701.2,192,0,0
14,5,2006,16,30,610.6,178,0,0
14,5,2006,17,0,320.2,255,0,0
14,5,2006,17,30,315.9,552,0,0
14,5,2006,18,0,354.3,159,0,0
14,5,2006,18,30,215.3,127,0,0
14,5,2006,19,0,150.7,125,0,0
14,5,2006,19,30,68.2,79,0,0
14,5,2006,20,0,17.6,35,0,0
14,5,2006,20,30,2,5,0,0
14,5,2006,21,0,0,0,0,0
14,5,2006,21,30,0,0,0,0
14,5,2006,22,0,0,0,0,0
14,5,2006,22,30,0,0,0,0
14,5,2006,23,0,0,0,0,0
14,5,2006,23,30,0,0,0,0
15,5,2006,0,0,0,0,0,0
15,5,2006,0,30,0,0,0,0
15,5,2006,1,0,0,0,0,0
15,5,2006,1,30,0,0,0,0
15,5,2006,2,0,0,0,0,0
15,5,2006,2,30,0,0,0,0
15,5,2006,3,0,0,0,0,0
15,5,2006,3,30,0,0,0,0
15,5,2006,4,0,0,0,0,0
15,5,2006,4,30,0,0,0,0
15,5,2006,5,0,0,0,0,0
15,5,2006,5,30,0,0,0,0
15,5,2006,6,0,0,0,0,0
15,5,2006,6,30,3.1,5,0,0
15,5,2006,7,0,77.9,155,0,0
15,5,2006,7,30,73,175,0,0
15,5,2006,8,0,20,45,0,0
15,5,2006,8,30,29.4,62,0,0
15,5,2006,9,0,95.2,254,0,0
15,5,2006,9,30,95.6,233,0,0
15,5,2006,10,0,60.1,158,0,0
15,5,2006,10,30,109.5,317,0,0
15,5,2006,11,0,239.9,785,0,0
15,5,2006,11,30,60.5,94,0,0
15,5,2006,12,0,81.9,94,0,0
15,5,2006,12,30,322.9,979,0,0
15,5,2006,13,0,484.7,1027,0,0
15,5,2006,13,30,833.8,1066,0,0
15,5,2006,14,0,284.6,196,0,0
15,5,2006,14,30,194.1,584,0,0
15,5,2006,15,0,130.4,497,0,0
15,5,2006,15,30,868.5,813,0,0
15,5,2006,16,0,756.5,307,0,0
15,5,2006,16,30,767.6,623,0,0
15,5,2006,17,0,615,373,0,0
15,5,2006,17,30,29.1,75,0,0
15,5,2006,18,0,100.3,375,0,0
15,5,2006,18,30,165,345,0,0
15,5,2006,19,0,79.9,96,0,0
15,5,2006,19,30,52.9,127,0,0
15,5,2006,20,0,21.8,54,0,0
15,5,2006,20,30,4.5,8,0,0
15,5,2006,21,0,0,0,0,0
15,5,2006,21,30,0,0,0,0
15,5,2006,22,0,0,0,0,0
15,5,2006,22,30,0,0,0,0
15,5,2006,23,0,0,0,0,0
15,5,2006,23,30,0,0,0,0
16,5,2006,0,0,0,0,0,1
16,5,2006,0,30,0,0,0,1
16,5,2006,1,0,0,0,0,1
16,5,2006,1,30,0,0,0,1
16,5,2006,2,0,0,0,0,1
16,5,2006,2,30,0,0,0,1
16,5,2006,3,0,0,0,0,1
16,5,2006,3,30,0,0,0,1
16,5,2006,4,0,0,0,0,1
16,5,2006,4,30,0,0,0,1
16,5,2006,5,0,0,0,0,1
16,5,2006,5,30,0,0,0,1
16,5,2006,6,0,2.5,7,0,1
16,5,2006,6,30,13.6,36,0,1
16,5,2006,7,0,20.2,103,0,1
16,5,2006,7,30,28,174,0,1
16,5,2006,8,0,251.7,292,0,1
16,5,2006,8,30,358.9,351,0,1
16,5,2006,9,0,458.4,401,5,1
16,5,2006,9,30,520.2,420,132.5,1
16,5,2006,10,0,195,406,152.5,1
16,5,2006,10,30,717.6,372,185,1
16,5,2006,11,0,789,342,192.5,1
16,5,2006,11,30,844.5,321,232.5,1
16,5,2006,12,0,883.2,305,245,1
16,5,2006,12,30,910,301,247.5,1
16,5,2006,13,0,927.3,301,180,1
16,5,2006,13,30,991.4,663,67.5,1
16,5,2006,14,0,235.8,382,105,1
16,5,2006,14,30,916.1,223,152.5,1
16,5,2006,15,0,848,217,190,1
16,5,2006,15,30,866.4,386,182.5,1
16,5,2006,16,0,791.4,378,142.5,1
16,5,2006,16,30,654.8,138,290,1
16,5,2006,17,0,567.9,128,277.5,1
16,5,2006,17,30,472.5,138,187.5,1
16,5,2006,18,0,375.3,122,190,1
16,5,2006,18,30,268.9,153,185,1
16,5,2006,19,0,232,254,45,1
16,5,2006,19,30,104.6,98,42.5,1
16,5,2006,20,0,24.6,53,0,1
16,5,2006,20,30,1.6,5,0,1
16,5,2006,21,0,0,0,0,1
16,5,2006,21,30,0,0,0,1
16,5,2006,22,0,0,0,0,1
16,5,2006,22,30,0,0,0,1
16,5,2006,23,0,0,0,0,1
16,5,2006,23,30,0,0,0,1
17,5,2006,0,0,0,0,0,1
17,5,2006,0,30,0,0,0,1
17,5,2006,1,0,0,0,0,1
17,5,2006,1,30,0,0,0,1
17,5,2006,2,0,0,0,0,1
17,5,2006,2,30,0,0,0,1
17,5,2006,3,0,0,0,0,1
17,5,2006,3,30,0,0,0,1
17,5,2006,4,0,0,0,0,1
17,5,2006,4,30,0,0,0,1
17,5,2006,5,0,0,0,0,1
17,5,2006,5,30,0,0,0,1
17,5,2006,6,0,3.3,8,0,1
17,5,2006,6,30,15.3,41,0,1
17,5,2006,7,0,23.7,116,0,1
17,5,2006,7,30,30,172,235,1
17,5,2006,8,0,251.2,307,182.5,1
17,5,2006,8,30,351.2,357,0,1
17,5,2006,9,0,449.3,394,25,1
17,5,2006,9,30,536.9,423,70,1
17,5,2006,10,0,211.4,583,82.5,1
17,5,2006,10,30,690.3,703,67.5,1
17,5,2006,11,0,762.3,679,90,1
17,5,2006,11,30,472,714,77.5,1
17,5,2006,12,0,912.3,791,97.5,1
17,5,2006,12,30,473.3,379,137.5,1
17,5,2006,13,0,715.9,465,102.5,1
17,5,2006,13,30,612.7,348,70,1
17,5,2006,14,0,911.9,273,80,1
17,5,2006,14,30,885.5,227,97.5,1
17,5,2006,15,0,842.3,206,107.5,1
17,5,2006,15,30,795.2,206,70,1
17,5,2006,16,0,726.3,197,140,1
17,5,2006,16,30,655.6,187,80,1
17,5,2006,17,0,552.3,177,82.5,1
17,5,2006,17,30,456.6,169,80,1
17,5,2006,18,0,354.9,165,72.5,1
17,5,2006,18,30,252.9,163,67.5,1
17,5,2006,19,0,161.9,107,70,1
17,5,2006,19,30,56.8,91,70,1
17,5,2006,20,0,21,51,70,1
17,5,2006,20,30,2.2,14,70,1
17,5,2006,21,0,0,4,70,1
17,5,2006,21,30,0,4,70,1
17,5,2006,22,0,0,2,70,1
17,5,2006,22,30,0,4,70,1
17,5,2006,23,0,0,2,70,1
17,5,2006,23,30,0,2,70,1
18,5,2006,0,0,0,4,67.5,1
18,5,2006,0,30,0,2,67.5,1
18,5,2006,1,0,0,4,70,1
18,5,2006,1,30,0,2,70,1
18,5,2006,2,0,0,2,70,1
18,5,2006,2,30,0,2,70,1
18,5,2006,3,0,0,2,70,1
18,5,2006,3,30,0,2,67.5,1
18,5,2006,4,0,0,2,67.5,1
18,5,2006,4,30,0,2,67.5,1
18,5,2006,5,0,0,2,67.5,1
18,5,2006,5,30,0,2,67.5,1
18,5,2006,6,0,4.9,20,67.5,1
18,5,2006,6,30,17.6,59,67.5,1
18,5,2006,7,0,27.2,141,67.5,1
18,5,2006,7,30,36.7,215,242.5,1
18,5,2006,8,0,259.4,324,270,1
18,5,2006,8,30,348.1,392,70,1
18,5,2006,9,0,424.9,401,70,1
18,5,2006,9,30,528.8,480,70,1
18,5,2006,10,0,182.9,487,70,1
18,5,2006,10,30,556.7,437,122.5,1
18,5,2006,11,0,700.7,472,170,1
18,5,2006,11,30,771.9,466,105,1
18,5,2006,12,0,815.7,485,110,1
18,5,2006,12,30,1000,722,177.5,1
18,5,2006,13,0,969,400,152.5,1
18,5,2006,13,30,253,395,67.5,1
18,5,2006,14,0,320.9,657,92.5,1
18,5,2006,14,30,555.3,367,100,1
18,5,2006,15,0,662.9,348,77.5,1
18,5,2006,15,30,825.6,376,87.5,1
18,5,2006,16,0,770.5,277,120,1
18,5,2006,16,30,215.4,227,127.5,1
18,5,2006,17,0,586.3,228,75,1
18,5,2006,17,30,473,184,72.5,1
18,5,2006,18,0,378.2,184,70,1
18,5,2006,18,30,265.8,149,72.5,1
18,5,2006,19,0,165.8,109,117.5,1
18,5,2006,19,30,64.1,79,110,1
18,5,2006,20,0,20.3,44,47.5,1
18,5,2006,20,30,3.6,8,47.5,1
18,5,2006,21,0,0,0,47.5,1
18,5,2006,21,30,0,0,117.5,1
18,5,2006,22,0,0,0,47.5,1
18,5,2006,22,30,0,0,47.5,1
18,5,2006,23,0,0,0,47.5,1
18,5,2006,23,30,0,0,50,1
19,5,2006,0,0,0,0,47.5,1
19,5,2006,0,30,0,0,0,1
19,5,2006,1,0,0,0,0,1
19,5,2006,1,30,0,0,0,1
19,5,2006,2,0,0,0,0,1
19,5,2006,2,30,0,0,0,1
19,5,2006,3,0,0,0,0,1
19,5,2006,3,30,0,0,0,1
19,5,2006,4,0,0,0,0,1
19,5,2006,4,30,0,0,0,1
19,5,2006,5,0,0,0,0,1
19,5,2006,5,30,0,0,0,1
19,5,2006,6,0,4.8,13,0,1
19,5,2006,6,30,19.6,62,0,1
19,5,2006,7,0,35.1,159,0,1
19,5,2006,7,30,45.4,227,310,1
19,5,2006,8,0,239.4,353,145,1
19,5,2006,8,30,334,389,0,1
19,5,2006,9,0,434,420,0,1
19,5,2006,9,30,525.8,474,92.5,1
19,5,2006,10,0,134.9,466,72.5,1
19,5,2006,10,30,718.2,451,72.5,1
19,5,2006,11,0,800.6,410,112.5,1
19,5,2006,11,30,755.2,360,70,1
19,5,2006,12,0,873.3,373,82.5,1
19,5,2006,12,30,874,381,105,1
19,5,2006,13,0,902.4,375,67.5,1
19,5,2006,13,30,860.8,391,67.5,1
19,5,2006,14,0,889.1,385,75,1
19,5,2006,14,30,748.1,327,105,1
19,5,2006,15,0,792.5,341,120,1
19,5,2006,15,30,625.3,317,155,1
19,5,2006,16,0,598.8,252,147.5,1
19,5,2006,16,30,560.8,206,67.5,1
19,5,2006,17,0,495.4,174,70,1
19,5,2006,17,30,411.4,165,67.5,1
19,5,2006,18,0,270.1,146,67.5,1
19,5,2006,18,30,239.8,155,70,1
19,5,2006,19,0,158.7,134,135,1
19,5,2006,19,30,72,106,155,1
19,5,2006,20,0,28.2,48,135,1
19,5,2006,20,30,7.1,10,0,1
19,5,2006,21,0,0,0,0,1
19,5,2006,21,30,0,0,0,1
19,5,2006,22,0,0,0,0,1
19,5,2006,22,30,0,0,0,1
19,5,2006,23,0,0,0,0,1
19,5,2006,23,30,0,0,0,1
20,5,2006,0,0,0,0,0,1
20,5,2006,0,30,0,0,0,1
20,5,2006,1,0,0,0,0,1
20,5,2006,1,30,0,0,0,1
20,5,2006,2,0,0,0,0,1
20,5,2006,2,30,0,0,0,1
20,5,2006,3,0,0,0,0,1
20,5,2006,3,30,0,0,0,1
20,5,2006,4,0,0,0,0,1
20,5,2006,4,30,0,0,0,1
20,5,2006,5,0,0,0,0,1
20,5,2006,5,30,0,0,0,1
20,5,2006,6,0,0,4,0,1
20,5,2006,6,30,3.6,11,0,1
20,5,2006,7,0,11.9,20,0,1
20,5,2006,7,30,36.6,59,420,1
20,5,2006,8,0,31,63,155,1
20,5,2006,8,30,71.8,274,0,1
20,5,2006,9,0,292.2,513,125,1
20,5,2006,9,30,507.7,558,135,1
20,5,2006,10,0,147.9,351,120,1
20,5,2006,10,30,738.8,794,117.5,1
20,5,2006,11,0,807.3,986,117.5,1
20,5,2006,11,30,888.2,723,115,1
20,5,2006,12,0,880.6,818,117.5,1
20,5,2006,12,30,912.8,413,127.5,1
20,5,2006,13,0,866.2,367,117.5,1
20,5,2006,13,30,882.8,336,117.5,1
20,5,2006,14,0,881.9,324,150,1
20,5,2006,14,30,886.7,543,150,1
20,5,2006,15,0,884.6,660,132.5,1
20,5,2006,15,30,807.2,556,122.5,1
20,5,2006,16,0,732.2,453,140,1
20,5,2006,16,30,613.6,242,125,1
20,5,2006,17,0,548,197,130,1
20,5,2006,17,30,455.2,183,130,1
20,5,2006,18,0,357.9,166,132.5,1
20,5,2006,18,30,255.9,146,127.5,1
20,5,2006,19,0,164.1,119,0,1
20,5,2006,19,30,70.8,90,0,1
20,5,2006,20,0,22.2,50,0,1
20,5,2006,20,30,5.5,11,0,1
20,5,2006,21,0,0,0,0,1
20,5,2006,21,30,0,0,0,1
20,5,2006,22,0,0,0,0,1
20,5,2006,22,30,0,0,0,1
20,5,2006,23,0,0,0,0,1
20,5,2006,23,30,0,0,0,1
21,5,2006,0,0,0,0,0,0
21,5,2006,0,30,0,0,0,0
21,5,2006,1,0,0,0,0,0
21,5,2006,1,30,0,0,0,0
21,5,2006,2,0,0,0,0,0
21,5,2006,2,30,0,0,0,0
21,5,2006,3,0,0,0,0,0
21,5,2006,3,30,0,0,0,0
21,5,2006,4,0,0,0,0,0
21,5,2006,4,30,0,0,0,0
21,5,2006,5,0,0,0,0,0
21,5,2006,5,30,0,0,0,0
21,5,2006,6,0,4.9,13,0,0
21,5,2006,6,30,24.8,82,0,0
21,5,2006,7,0,46.5,175,0,0
21,5,2006,7,30,75.7,286,0,0
21,5,2006,8,0,196.9,446,0,0
21,5,2006,8,30,276,540,0,0
21,5,2006,9,0,367.1,570,0,0
21,5,2006,9,30,461.1,578,0,0
21,5,2006,10,0,199.4,590,0,0
21,5,2006,10,30,642.1,531,0,0
21,5,2006,11,0,714.7,475,0,0
21,5,2006,11,30,784.9,437,0,0
21,5,2006,12,0,827.2,419,0,0
21,5,2006,12,30,847.9,413,0,0
21,5,2006,13,0,895.1,409,0,0
21,5,2006,13,30,303.1,420,0,0
21,5,2006,14,0,897.5,437,0,0
21,5,2006,14,30,840.2,428,290,0
21,5,2006,15,0,832.7,630,292.5,0
21,5,2006,15,30,756.5,417,245,0
21,5,2006,16,0,686.9,500,87.5,0
21,5,2006,16,30,572.7,262,0,0
21,5,2006,17,0,558.9,341,0,0
21,5,2006,17,30,446.5,212,0,0
21,5,2006,18,0,218.2,140,0,0
21,5,2006,18,30,248.2,175,0,0
21,5,2006,19,0,152.9,146,0,0
21,5,2006,19,30,65.5,101,0,0
21,5,2006,20,0,24.6,54,0,0
21,5,2006,20,30,5.8,14,0,0
21,5,2006,21,0,0,0,0,0
21,5,2006,21,30,0,0,0,0
21,5,2006,22,0,0,0,0,0
21,5,2006,22,30,0,0,0,0
21,5,2006,23,0,0,0,0,0
21,5,2006,23,30,0,0,0,0
22,5,2006,0,0,0,0,0,0
22,5,2006,0,30,0,0,0,0
22,5,2006,1,0,0,0,0,0
22,5,2006,1,30,0,0,0,0
22,5,2006,2,0,0,0,0,0
22,5,2006,2,30,0,0,0,0
22,5,2006,3,0,0,0,0,0
22,5,2006,3,30,0,0,0,0
22,5,2006,4,0,0,0,0,0
22,5,2006,4,30,0,0,0,0
22,5,2006,5,0,0,0,0,0
22,5,2006,5,30,0,0,0,0
22,5,2006,6,0,5.7,16,0,0
22,5,2006,6,30,20.5,73,0,0
22,5,2006,7,0,31.8,152,0,0
22,5,2006,7,30,40.9,231,0,0
22,5,2006,8,0,245.9,367,0,0
22,5,2006,8,30,342,407,0,0
22,5,2006,9,0,437.8,428,0,0
22,5,2006,9,30,526.9,460,0,0
22,5,2006,10,0,90.6,462,0,0
22,5,2006,10,30,687.3,441,0,0
22,5,2006,11,0,761.9,401,0,0
22,5,2006,11,30,815.7,375,0,0
22,5,2006,12,0,854.3,345,0,0
22,5,2006,12,30,891.5,323,0,0
22,5,2006,13,0,904.4,299,0,0
22,5,2006,13,30,904.2,268,0,0
22,5,2006,14,0,894.7,249,0,0
22,5,2006,14,30,866.9,254,0,0
22,5,2006,15,0,822,233,0,0
22,5,2006,15,30,774.1,220,0,0
22,5,2006,16,0,713.6,202,0,0
22,5,2006,16,30,638.2,203,0,0
22,5,2006,17,0,541.4,196,0,0
22,5,2006,17,30,449.1,192,0,0
22,5,2006,18,0,348.3,189,0,0
22,5,2006,18,30,255.8,177,0,0
22,5,2006,19,0,160.8,197,0,0
22,5,2006,19,30,88.6,116,0,0
22,5,2006,20,0,32.9,88,0,0
22,5,2006,20,30,2.9,8,0,0
22,5,2006,21,0,0,0,0,0
22,5,2006,21,30,0,0,0,0
22,5,2006,22,0,0,0,0,0
22,5,2006,22,30,0,0,0,0
22,5,2006,23,0,0,0,0,0
22,5,2006,23,30,0,0,0,0
23,5,2006,0,0,0,0,0,1
23,5,2006,0,30,0,0,0,1
23,5,2006,1,0,0,0,0,1
23,5,2006,1,30,0,0,0,1
23,5,2006,2,0,0,0,0,1
23,5,2006,2,30,0,0,0,1
23,5,2006,3,0,0,0,0,1
23,5,2006,3,30,0,0,0,1
23,5,2006,4,0,0,0,0,1
23,5,2006,4,30,0,0,0,1
23,5,2006,5,0,0,0,0,1
23,5,2006,5,30,0,0,0,1
23,5,2006,6,0,6.4,19,0,1
23,5,2006,6,30,24.1,87,0,1
23,5,2006,7,0,41.9,175,0,1
23,5,2006,7,30,62.6,308,0,1
23,5,2006,8,0,220.7,403,0,1
23,5,2006,8,30,321.4,466,0,1
23,5,2006,9,0,439.6,561,17.5,1
23,5,2006,9,30,507.6,564,67.5,1
23,5,2006,10,0,127.4,568,112.5,1
23,5,2006,10,30,646.7,542,177.5,1
23,5,2006,11,0,737.2,500,172.5,1
23,5,2006,11,30,798.4,449,180,1
23,5,2006,12,0,830,449,165,1
23,5,2006,12,30,900.1,395,125,1
23,5,2006,13,0,198.2,276,67.5,1
23,5,2006,13,30,938.4,351,67.5,1
23,5,2006,14,0,928.6,332,110,1
23,5,2006,14,30,884.7,920,125,1
23,5,2006,15,0,153.5,295,200,1
23,5,2006,15,30,820,626,177.5,1
23,5,2006,16,0,739.4,323,130,1
23,5,2006,16,30,211.6,344,120,1
23,5,2006,17,0,303.4,559,125,1
23,5,2006,17,30,433.4,277,125,1
23,5,2006,18,0,362.7,242,127.5,1
23,5,2006,18,30,228,180,122.5,1
23,5,2006,19,0,165.6,141,117.5,1
23,5,2006,19,30,80.6,98,150,1
23,5,2006,20,0,23.7,57,27.5,1
23,5,2006,20,30,7.1,17,0,1
23,5,2006,21,0,0,0,0,1
23,5,2006,21,30,0,0,0,1
23,5,2006,22,0,0,0,0,1
23,5,2006,22,30,0,0,0,1
23,5,2006,23,0,0,0,0,1
23,5,2006,23,30,0,0,0,1
24,5,2006,0,0,0,0,0,1
24,5,2006,0,30,0,0,0,1
24,5,2006,1,0,0,0,0,1
24,5,2006,1,30,0,0,0,1
24,5,2006,2,0,0,0,0,1
24,5,2006,2,30,0,0,0,1
24,5,2006,3,0,0,0,0,1
24,5,2006,3,30,0,0,0,1
24,5,2006,4,0,0,0,0,1
24,5,2006,4,30,0,0,0,1
24,5,2006,5,0,0,0,0,1
24,5,2006,5,30,0,0,0,1
24,5,2006,6,0,4.5,14,0,1
24,5,2006,6,30,21.1,79,0,1
24,5,2006,7,0,35.4,165,0,1
24,5,2006,7,30,75,290,77.5,1
24,5,2006,8,0,114.5,298,202.5,1
24,5,2006,8,30,156,192,0,1
24,5,2006,9,0,166,193,0,1
24,5,2006,9,30,541.1,502,20,1
24,5,2006,10,0,95.7,573,87.5,1
24,5,2006,10,30,683.4,539,82.5,1
24,5,2006,11,0,743,581,120,1
24,5,2006,11,30,778.1,610,142.5,1
24,5,2006,12,0,844.7,639,152.5,1
24,5,2006,12,30,882.4,658,87.5,1
24,5,2006,13,0,843.2,428,100,1
24,5,2006,13,30,890.6,364,67.5,1
24,5,2006,14,0,891.3,347,90,1
24,5,2006,14,30,858.7,398,102.5,1
24,5,2006,15,0,841.9,290,155,1
24,5,2006,15,30,806.8,360,155,1
24,5,2006,16,0,699.6,256,140,1
24,5,2006,16,30,635.7,233,85,1
24,5,2006,17,0,537.7,217,87.5,1
24,5,2006,17,30,443.4,212,70,1
24,5,2006,18,0,349.2,192,112.5,1
24,5,2006,18,30,261.4,172,87.5,1
24,5,2006,19,0,162.9,138,67.5,1
24,5,2006,19,30,73.2,110,70,1
24,5,2006,20,0,28.4,50,50,1
24,5,2006,20,30,5.7,13,0,1
24,5,2006,21,0,0,0,0,1
24,5,2006,21,30,0,0,0,1
24,5,2006,22,0,0,0,0,1
24,5,2006,22,30,0,0,0,1
24,5,2006,23,0,0,0,0,1
24,5,2006,23,30,0,0,0,1
25,5,2006,0,0,0,0,0,1
25,5,2006,0,30,0,0,0,1
25,5,2006,1,0,0,0,0,1
25,5,2006,1,30,0,0,0,1
25,5,2006,2,0,0,0,0,1
25,5,2006,2,30,0,0,0,1
25,5,2006,3,0,0,0,0,1
25,5,2006,3,30,0,0,0,1
25,5,2006,4,0,0,0,0,1
25,5,2006,4,30,0,0,0,1
25,5,2006,5,0,0,0,0,1
25,5,2006,5,30,0,0,0,1
25,5,2006,6,0,5.1,17,0,1
25,5,2006,6,30,14.4,48,0,1
25,5,2006,7,0,32.2,156,0,1
25,5,2006,7,30,65.3,246,222.5,1
25,5,2006,8,0,250.9,474,255,1
25,5,2006,8,30,363.2,475,0,1
25,5,2006,9,0,462.4,497,0,1
25,5,2006,9,30,530.3,546,35,1
25,5,2006,10,0,121.8,701,67.5,1
25,5,2006,10,30,693.8,540,80,1
25,5,2006,11,0,767.3,636,75,1
25,5,2006,11,30,411.4,350,80,1
25,5,2006,12,0,325.5,491,67.5,1
25,5,2006,12,30,270.8,679,82.5,1
25,5,2006,13,0,909.7,339,122.5,1
25,5,2006,13,30,972.6,432,117.5,1
25,5,2006,14,0,959.2,338,115,1
25,5,2006,14,30,884.5,409,135,1
25,5,2006,15,0,831.8,252,162.5,1
25,5,2006,15,30,781.7,261,157.5,1
25,5,2006,16,0,695.1,251,157.5,1
25,5,2006,16,30,631.1,243,152.5,1
25,5,2006,17,0,538.7,289,132.5,1
25,5,2006,17,30,444.4,228,137.5,1
25,5,2006,18,0,350.3,194,142.5,1
25,5,2006,18,30,253.2,158,152.5,1
25,5,2006,19,0,168.2,131,115,1
25,5,2006,19,30,88.4,100,47.5,1
25,5,2006,20,0,22.5,59,47.5,1
25,5,2006,20,30,6.5,17,47.5,1
25,5,2006,21,0,0,0,47.5,1
25,5,2006,21,30,0,0,5,1
25,5,2006,22,0,0,0,0,1
25,5,2006,22,30,0,0,0,1
25,5,2006,23,0,0,0,0,1
25,5,2006,23,30,0,0,0,1
26,5,2006,0,0,0,0,0,1
26,5,2006,0,30,0,0,0,1
26,5,2006,1,0,0,0,0,1
26,5,2006,1,30,0,0,0,1
26,5,2006,2,0,0,0,0,1
26,5,2006,2,30,0,0,0,1
26,5,2006,3,0,0,0,0,1
26,5,2006,3,30,0,0,0,1
26,5,2006,4,0,0,0,0,1
26,5,2006,4,30,0,0,0,1
26,5,2006,5,0,0,0,0,1
26,5,2006,5,30,0,0,0,1
26,5,2006,6,0,6.5,20,0,1
26,5,2006,6,30,19.6,81,0,1
26,5,2006,7,0,30.5,159,0,1
26,5,2006,7,30,39.2,255,210,1
26,5,2006,8,0,254.1,407,285,1
26,5,2006,8,30,349.9,437,0,1
26,5,2006,9,0,442.3,451,0,1
26,5,2006,9,30,532.9,465,67.5,1
26,5,2006,10,0,71.3,465,97.5,1
26,5,2006,10,30,701.1,434,70,1
26,5,2006,11,0,631.7,407,67.5,1
26,5,2006,11,30,597.6,382,67.5,1
26,5,2006,12,0,854.4,357,72.5,1
26,5,2006,12,30,880.8,335,72.5,1
26,5,2006,13,0,913.6,338,72.5,1
26,5,2006,13,30,899,292,70,1
26,5,2006,14,0,879,304,67.5,1
26,5,2006,14,30,844,274,97.5,1
26,5,2006,15,0,820.2,252,82.5,1
26,5,2006,15,30,769.9,239,67.5,1
26,5,2006,16,0,705.3,224,67.5,1
26,5,2006,16,30,639.6,203,67.5,1
26,5,2006,17,0,553.6,189,70,1
26,5,2006,17,30,462.6,178,87.5,1
26,5,2006,18,0,367.9,162,75,1
26,5,2006,18,30,273.5,147,70,1
26,5,2006,19,0,174.6,124,0,1
26,5,2006,19,30,90.3,97,0,1
26,5,2006,20,0,21.4,56,47.5,1
26,5,2006,20,30,6.6,17,0,1
26,5,2006,21,0,0,0,0,1
26,5,2006,21,30,0,0,0,1
26,5,2006,22,0,0,0,0,1
26,5,2006,22,30,0,0,0,1
26,5,2006,23,0,0,0,0,1
26,5,2006,23,30,0,0,0,1
27,5,2006,0,0,0,0,0,1
27,5,2006,0,30,0,0,0,1
27,5,2006,1,0,0,0,0,1
27,5,2006,1,30,0,0,0,1
27,5,2006,2,0,0,0,0,1
27,5,2006,2,30,0,0,0,1
27,5,2006,3,0,0,0,0,1
27,5,2006,3,30,0,0,0,1
27,5,2006,4,0,0,0,0,1
27,5,2006,4,30,0,0,0,1
27,5,2006,5,0,0,0,0,1
27,5,2006,5,30,0,0,0,1
27,5,2006,6,0,8,22,0,1
27,5,2006,6,30,28.1,93,0,1
27,5,2006,7,0,36.8,168,0,1
27,5,2006,7,30,56.4,262,330,1
27,5,2006,8,0,239.4,574,170,1
27,5,2006,8,30,336.8,457,0,1
27,5,2006,9,0,427.7,477,0,1
27,5,2006,9,30,514.9,536,37.5,1
27,5,2006,10,0,115.1,524,67.5,1
27,5,2006,10,30,616,533,90,1
27,5,2006,11,0,450.9,989,100,1
27,5,2006,11,30,423.7,773,92.5,1
27,5,2006,12,0,567.5,893,75,1
27,5,2006,12,30,291.6,878,67.5,1
27,5,2006,13,0,429.2,1098,72.5,1
27,5,2006,13,30,845.4,533,70,1
27,5,2006,14,0,760.8,426,67.5,1
27,5,2006,14,30,483.4,601,115,1
27,5,2006,15,0,628.9,866,102.5,1
27,5,2006,15,30,159.9,363,105,1
27,5,2006,16,0,166.7,648,170,1
27,5,2006,16,30,190.1,720,220,1
27,5,2006,17,0,123.1,321,225,1
27,5,2006,17,30,120.6,265,205,1
27,5,2006,18,0,50.5,101,195,1
27,5,2006,18,30,28.5,47,105,1
27,5,2006,19,0,43.7,72,47.5,1
27,5,2006,19,30,54.2,155,47.5,1
27,5,2006,20,0,16.1,26,47.5,1
27,5,2006,20,30,2.4,2,50,1
27,5,2006,21,0,0,0,0,1
27,5,2006,21,30,0,0,0,1
27,5,2006,22,0,0,0,0,1
27,5,2006,22,30,0,0,0,1
27,5,2006,23,0,0,0,0,1
27,5,2006,23,30,0,0,0,1
28,5,2006,0,0,0,0,0,0
28,5,2006,0,30,0,0,0,0
28,5,2006,1,0,0,0,0,0
28,5,2006,1,30,0,0,0,0
28,5,2006,2,0,0,0,0,0
28,5,2006,2,30,0,0,0,0
28,5,2006,3,0,0,0,0,0
28,5,2006,3,30,0,0,0,0
28,5,2006,4,0,0,0,0,0
28,5,2006,4,30,0,0,0,0
28,5,2006,5,0,0,0,0,0
28,5,2006,5,30,0,0,0,0
28,5,2006,6,0,5.8,19,0,0
28,5,2006,6,30,19.3,73,0,0
28,5,2006,7,0,30.9,152,0,0
28,5,2006,7,30,40.2,240,0,0
28,5,2006,8,0,252.1,397,0,0
28,5,2006,8,30,352.6,417,0,0
28,5,2006,9,0,81.5,171,0,0
28,5,2006,9,30,539.1,472,0,0
28,5,2006,10,0,71.5,440,0,0
28,5,2006,10,30,726.3,394,0,0
28,5,2006,11,0,724.4,354,130,0
28,5,2006,11,30,853.7,321,402.5,0
28,5,2006,12,0,889.3,295,372.5,0
28,5,2006,12,30,917.1,273,332.5,0
28,5,2006,13,0,930.5,248,0,0
28,5,2006,13,30,932.9,206,0,0
28,5,2006,14,0,922.5,189,0,0
28,5,2006,14,30,895.1,183,0,0
28,5,2006,15,0,858.1,174,0,0
28,5,2006,15,30,807.3,165,0,0
28,5,2006,16,0,743.1,155,0,0
28,5,2006,16,30,668.3,141,0,0
28,5,2006,17,0,585.3,134,0,0
28,5,2006,17,30,487.2,129,0,0
28,5,2006,18,0,391.1,124,0,0
28,5,2006,18,30,287.8,115,0,0
28,5,2006,19,0,189,98,0,0
28,5,2006,19,30,93.2,79,0,0
28,5,2006,20,0,21,51,0,0
28,5,2006,20,30,7.4,19,0,0
28,5,2006,21,0,0,0,0,0
28,5,2006,21,30,0,0,0,0
28,5,2006,22,0,0,0,0,0
28,5,2006,22,30,0,0,0,0
28,5,2006,23,0,0,0,0,0
28,5,2006,23,30,0,0,0,0
29,5,2006,0,0,0,0,0,0
29,5,2006,0,30,0,0,0,0
29,5,2006,1,0,0,0,0,0
29,5,2006,1,30,0,0,0,0
29,5,2006,2,0,0,0,0,0
29,5,2006,2,30,0,0,0,0
29,5,2006,3,0,0,0,0,0
29,5,2006,3,30,0,0,0,0
29,5,2006,4,0,0,0,0,0
29,5,2006,4,30,0,0,0,0
29,5,2006,5,0,0,0,0,0
29,5,2006,5,30,0,0,0,0
29,5,2006,6,0,7.1,20,0,0
29,5,2006,6,30,18.1,75,0,0
29,5,2006,7,0,25.6,141,0,0
29,5,2006,7,30,31.9,225,0,0
29,5,2006,8,0,266.3,384,0,0
29,5,2006,8,30,366,400,0,0
29,5,2006,9,0,460,401,0,0
29,5,2006,9,30,550.5,428,0,0
29,5,2006,10,0,65.3,419,0,0
29,5,2006,10,30,709.2,389,0,0
29,5,2006,11,0,782.4,353,0,0
29,5,2006,11,30,835.3,326,0,0
29,5,2006,12,0,867.7,302,0,0
29,5,2006,12,30,876.1,286,0,0
29,5,2006,13,0,911.3,268,0,0
29,5,2006,13,30,917.9,248,0,0
29,5,2006,14,0,899.5,251,0,0
29,5,2006,14,30,891,245,0,0
29,5,2006,15,0,827.1,217,0,0
29,5,2006,15,30,792.9,208,0,0
29,5,2006,16,0,696.3,199,0,0
29,5,2006,16,30,642.8,187,0,0
29,5,2006,17,0,570.6,193,0,0
29,5,2006,17,30,465.2,168,0,0
29,5,2006,18,0,367.4,180,0,0
29,5,2006,18,30,292,162,0,0
29,5,2006,19,0,178.9,127,0,0
29,5,2006,19,30,106.1,103,0,0
29,5,2006,20,0,29.6,64,0,0
29,5,2006,20,30,11.7,25,0,0
29,5,2006,21,0,0,1,0,0
29,5,2006,21,30,0,0,0,0
29,5,2006,22,0,0,0,0,0
29,5,2006,22,30,0,0,0,0
29,5,2006,23,0,0,0,0,0
29,5,2006,23,30,0,0,0,0
30,5,2006,0,0,0,0,0,0
30,5,2006,0,30,0,0,0,0
30,5,2006,1,0,0,0,0,0
30,5,2006,1,30,0,0,0,0
30,5,2006,2,0,0,0,0,0
30,5,2006,2,30,0,0,0,0
30,5,2006,3,0,0,0,0,0
30,5,2006,3,30,0,0,0,0
30,5,2006,4,0,0,0,0,0
30,5,2006,4,30,0,0,0,0
30,5,2006,5,0,0,0,0,0
30,5,2006,5,30,0,0,0,0
30,5,2006,6,0,7.8,22,0,0
30,5,2006,6,30,19.8,79,0,0
30,5,2006,7,0,28,146,0,0
30,5,2006,7,30,34.1,234,0,0
30,5,2006,8,0,264.6,397,0,0
30,5,2006,8,30,354.1,401,0,0
30,5,2006,9,0,454.4,438,5,0
30,5,2006,9,30,548,466,10,0
30,5,2006,10,0,116.7,459,135,0
30,5,2006,10,30,663.1,426,207.5,0
30,5,2006,11,0,761.7,398,237.5,0
30,5,2006,11,30,793.2,372,215,0
30,5,2006,12,0,861.5,344,140,0
30,5,2006,12,30,877.6,335,192.5,0
30,5,2006,13,0,888.3,313,150,0
30,5,2006,13,30,887.3,292,115,0
30,5,2006,14,0,895.9,264,152.5,0
30,5,2006,14,30,878.5,264,140,0
30,5,2006,15,0,828.3,243,172.5,0
30,5,2006,15,30,763.3,224,140,0
30,5,2006,16,0,706.7,223,142.5,0
30,5,2006,16,30,348.5,243,145,0
30,5,2006,17,0,573.7,363,140,0
30,5,2006,17,30,472.6,177,87.5,0
30,5,2006,18,0,376.1,158,67.5,0
30,5,2006,18,30,280.9,141,67.5,0
30,5,2006,19,0,186.7,119,102.5,0
30,5,2006,19,30,90.2,90,97.5,0
30,5,2006,20,0,22.2,57,0,0
30,5,2006,20,30,9.1,22,0,0
30,5,2006,21,0,0,0,0,0
30,5,2006,21,30,0,0,0,0
30,5,2006,22,0,0,0,0,0
30,5,2006,22,30,0,0,0,0
30,5,2006,23,0,0,0,0,0
30,5,2006,23,30,0,0,0,0
31,5,2006,0,0,0,0,0,1
31,5,2006,0,30,0,0,0,1
31,5,2006,1,0,0,0,0,1
31,5,2006,1,30,0,0,0,1
31,5,2006,2,0,0,0,0,1
31,5,2006,2,30,0,0,0,1
31,5,2006,3,0,0,0,0,1
31,5,2006,3,30,0,0,0,1
31,5,2006,4,0,0,0,0,1
31,5,2006,4,30,0,0,0,1
31,5,2006,5,0,0,0,0,1
31,5,2006,5,30,0,0,0,1
31,5,2006,6,0,7.9,25,0,1
31,5,2006,6,30,19.6,60,0,1
31,5,2006,7,0,67,267,0,1
31,5,2006,7,30,64,338,325,1
31,5,2006,8,0,240.1,605,95,1
31,5,2006,8,30,366,741,0,1
31,5,2006,9,0,448.5,652,0,1
31,5,2006,9,30,515.5,605,62.5,1
31,5,2006,10,0,217.1,506,135,1
31,5,2006,10,30,691.6,576,172.5,1
31,5,2006,11,0,826.7,911,197.5,1
31,5,2006,11,30,715.2,965,152.5,1
31,5,2006,12,0,635,624,147.5,1
31,5,2006,12,30,751.6,748,147.5,1
31,5,2006,13,0,346.8,880,147.5,1
31,5,2006,13,30,570.8,887,137.5,1
31,5,2006,14,0,831,601,140,1
31,5,2006,14,30,565.4,994,157.5,1
31,5,2006,15,0,537.2,787,150,1
31,5,2006,15,30,943.3,793,157.5,1
31,5,2006,16,0,581.3,381,157.5,1
31,5,2006,16,30,596.1,552,205,1
31,5,2006,17,0,588.9,386,235,1
31,5,2006,17,30,184.8,227,252.5,1
31,5,2006,18,0,350.6,432,255,1
31,5,2006,18,30,141.4,401,257.5,1
31,5,2006,19,0,122.9,341,50,1
31,5,2006,19,30,48.1,112,47.5,1
31,5,2006,20,0,14.8,42,47.5,1
31,5,2006,20,30,0,1,47.5,1
31,5,2006,21,0,0,0,0,1
31,5,2006,21,30,0,0,0,1
31,5,2006,22,0,0,0,0,1
31,5,2006,22,30,0,0,0,1
31,5,2006,23,0,0,0,0,1
31,5,2006,23,30,0,0,0,1
1,6,2006,0,0,0,0,0,1
1,6,2006,0,30,0,0,0,1
1,6,2006,1,0,0,0,0,1
1,6,2006,1,30,0,0,0,1
1,6,2006,2,0,0,0,0,1
1,6,2006,2,30,0,0,0,1
1,6,2006,3,0,0,0,0,1
1,6,2006,3,30,0,0,0,1
1,6,2006,4,0,0,0,0,1
1,6,2006,4,30,0,0,0,1
1,6,2006,5,0,0,0,0,1
1,6,2006,5,30,0,0,0,1
1,6,2006,6,0,6,16,0,1
1,6,2006,6,30,4,5,0,1
1,6,2006,7,0,2.9,8,0,1
1,6,2006,7,30,21.2,54,467.5,1
1,6,2006,8,0,110.7,255,90,1
1,6,2006,8,30,180.5,525,0,1
1,6,2006,9,0,217.7,576,0,1
1,6,2006,9,30,126.8,286,122.5,1
1,6,2006,10,0,221.9,601,252.5,1
1,6,2006,10,30,360.9,1019,272.5,1
1,6,2006,11,0,457,1063,315,1
1,6,2006,11,30,199.4,465,252.5,1
1,6,2006,12,0,602,707,255,1
1,6,2006,12,30,354.8,946,260,1
1,6,2006,13,0,237.8,471,237.5,1
1,6,2006,13,30,481.7,1125,135,1
1,6,2006,14,0,426.8,1113,192.5,1
1,6,2006,14,30,384.3,799,202.5,1
1,6,2006,15,0,342.1,646,257.5,1
1,6,2006,15,30,298.3,209,270,1
1,6,2006,16,0,193.6,484,252.5,1
1,6,2006,16,30,261.2,513,202.5,1
1,6,2006,17,0,262.1,723,190,1
1,6,2006,17,30,224.2,295,190,1
1,6,2006,18,0,190.1,425,117.5,1
1,6,2006,18,30,115.2,233,62.5,1
1,6,2006,19,0,55.1,97,45,1
1,6,2006,19,30,47.4,104,52.5,1
1,6,2006,20,0,45.5,88,0,1
1,6,2006,20,30,10.3,23,0,1
1,6,2006,21,0,0,1,0,1
1,6,2006,21,30,0,0,0,1
1,6,2006,22,0,0,0,0,1
1,6,2006,22,30,0,0,0,1
1,6,2006,23,0,0,0,0,1
1,6,2006,23,30,0,0,0,1
2,6,2006,0,0,0,0,0,1
2,6,2006,0,30,0,0,0,1
2,6,2006,1,0,0,0,0,1
2,6,2006,1,30,0,0,0,1
2,6,2006,2,0,0,0,0,1
2,6,2006,2,30,0,0,0,1
2,6,2006,3,0,0,0,0,1
2,6,2006,3,30,0,0,0,1
2,6,2006,4,0,0,0,0,1
2,6,2006,4,30,0,0,0,1
2,6,2006,5,0,0,0,0,1
2,6,2006,5,30,0,0,0,1
2,6,2006,6,0,8.8,25,0,1
2,6,2006,6,30,25.5,98,0,1
2,6,2006,7,0,81.3,335,0,1
2,6,2006,7,30,83.7,410,0,1
2,6,2006,8,0,305.5,797,0,1
2,6,2006,8,30,367.2,810,0,1
2,6,2006,9,0,442.1,466,0,1
2,6,2006,9,30,525.4,480,0,1
2,6,2006,10,0,219.1,485,0,1
2,6,2006,10,30,657.4,497,0,1
2,6,2006,11,0,324.7,564,0,1
2,6,2006,11,30,478.7,971,0,1
2,6,2006,12,0,516.1,1075,0,1
2,6,2006,12,30,545.5,1233,0,1
2,6,2006,13,0,511.6,1215,0,1
2,6,2006,13,30,286.6,416,0,1
2,6,2006,14,0,1000,911,0,1
2,6,2006,14,30,185.2,472,0,1
2,6,2006,15,0,983.8,525,0,1
2,6,2006,15,30,238.7,626,0,1
2,6,2006,16,0,237.5,384,0,1
2,6,2006,16,30,263.1,553,0,1
2,6,2006,17,0,126,134,0,1
2,6,2006,17,30,90.1,122,0,1
2,6,2006,18,0,123.5,163,0,1
2,6,2006,18,30,66.8,127,0,1
2,6,2006,19,0,19.2,44,0,1
2,6,2006,19,30,20.2,42,0,1
2,6,2006,20,0,20.6,32,0,1
2,6,2006,20,30,9.1,16,0,1
2,6,2006,21,0,0,0,0,1
2,6,2006,21,30,0,0,0,1
2,6,2006,22,0,0,0,0,1
2,6,2006,22,30,0,0,0,1
2,6,2006,23,0,0,0,0,1
2,6,2006,23,30,0,0,0,1
3,6,2006,0,0,0,0,0,1
3,6,2006,0,30,0,0,0,1
3,6,2006,1,0,0,0,0,1
3,6,2006,1,30,0,0,0,1
3,6,2006,2,0,0,0,0,1
3,6,2006,2,30,0,0,0,1
3,6,2006,3,0,0,0,0,1
3,6,2006,3,30,0,0,0,1
3,6,2006,4,0,0,0,0,1
3,6,2006,4,30,0,0,0,1
3,6,2006,5,0,0,0,0,1
3,6,2006,5,30,0,0,0,1
3,6,2006,6,0,16.7,36,0,1
3,6,2006,6,30,37.5,140,0,1
3,6,2006,7,0,46.2,192,0,1
3,6,2006,7,30,59.9,290,320,1
3,6,2006,8,0,254.3,497,32.5,1
3,6,2006,8,30,348.3,503,0,1
3,6,2006,9,0,434.6,515,0,1
3,6,2006,9,30,494.5,550,0,1
3,6,2006,10,0,281.8,570,0,1
3,6,2006,10,30,607.4,525,0,1
3,6,2006,11,0,568,524,0,1
3,6,2006,11,30,844.2,1053,0,1
3,6,2006,12,0,784.8,765,0,1
3,6,2006,12,30,306.2,716,0,1
3,6,2006,13,0,1000,957,0,1
3,6,2006,13,30,808.1,741,0,1
3,6,2006,14,0,747.2,1064,0,1
3,6,2006,14,30,229.4,633,0,1
3,6,2006,15,0,208.4,744,0,1
3,6,2006,15,30,89,197,0,1
3,6,2006,16,0,78.7,140,0,1
3,6,2006,16,30,186.7,450,0,1
3,6,2006,17,0,182.1,475,0,1
3,6,2006,17,30,211.5,561,0,1
3,6,2006,18,0,159.1,441,0,1
3,6,2006,18,30,90.4,205,0,1
3,6,2006,19,0,63.5,230,0,1
3,6,2006,19,30,26.6,90,0,1
3,6,2006,20,0,11.6,29,0,1
3,6,2006,20,30,6.3,19,0,1
3,6,2006,21,0,0,0,0,1
3,6,2006,21,30,0,0,0,1
3,6,2006,22,0,0,0,0,1
3,6,2006,22,30,0,0,0,1
3,6,2006,23,0,0,0,0,1
3,6,2006,23,30,0,0,0,1
4,6,2006,0,0,0,0,0,0
4,6,2006,0,30,0,0,0,0
4,6,2006,1,0,0,0,0,0
4,6,2006,1,30,0,0,0,0
4,6,2006,2,0,0,0,0,0
4,6,2006,2,30,0,0,0,0
4,6,2006,3,0,0,0,0,0
4,6,2006,3,30,0,0,0,0
4,6,2006,4,0,0,0,0,0
4,6,2006,4,30,0,0,0,0
4,6,2006,5,0,0,0,0,0
4,6,2006,5,30,0,1,0,0
4,6,2006,6,0,7.7,26,0,0
4,6,2006,6,30,22,91,0,0
4,6,2006,7,0,33,160,0,0
4,6,2006,7,30,42.9,251,0,0
4,6,2006,8,0,255.3,426,0,0
4,6,2006,8,30,348.9,649,87.5,0
4,6,2006,9,0,443,590,310,0
4,6,2006,9,30,532.5,598,372.5,0
4,6,2006,10,0,248.6,573,97.5,0
4,6,2006,10,30,575.7,534,0,0
4,6,2006,11,0,819.1,841,0,0
4,6,2006,11,30,174.9,564,0,0
4,6,2006,12,0,837.6,570,0,0
4,6,2006,12,30,920.9,400,0,0
4,6,2006,13,0,917.7,324,0,0
4,6,2006,13,30,952.8,308,0,0
4,6,2006,14,0,929.3,316,0,0
4,6,2006,14,30,795.7,344,0,0
4,6,2006,15,0,404.2,477,0,0
4,6,2006,15,30,246.6,918,0,0
4,6,2006,16,0,87.5,487,0,0
4,6,2006,16,30,90.3,441,0,0
4,6,2006,17,0,118.3,428,0,0
4,6,2006,17,30,115.1,459,0,0
4,6,2006,18,0,212.2,512,0,0
4,6,2006,18,30,188.7,490,0,0
4,6,2006,19,0,69.9,134,0,0
4,6,2006,19,30,39.4,87,0,0
4,6,2006,20,0,24.4,45,0,0
4,6,2006,20,30,7.9,13,0,0
4,6,2006,21,0,0,1,0,0
4,6,2006,21,30,0,0,0,0
4,6,2006,22,0,0,0,0,0
4,6,2006,22,30,0,0,0,0
4,6,2006,23,0,0,0,0,0
4,6,2006,23,30,0,0,0,0
5,6,2006,0,0,0,0,0,0
5,6,2006,0,30,0,0,0,0
5,6,2006,1,0,0,0,0,0
5,6,2006,1,30,0,0,0,0
5,6,2006,2,0,0,0,0,0
5,6,2006,2,30,0,0,0,0
5,6,2006,3,0,0,0,0,0
5,6,2006,3,30,0,0,0,0
5,6,2006,4,0,0,0,0,0
5,6,2006,4,30,0,0,0,0
5,6,2006,5,0,0,0,0,0
5,6,2006,5,30,0,1,0,0
5,6,2006,6,0,10.9,38,0,0
5,6,2006,6,30,59.8,193,0,0
5,6,2006,7,0,28.3,97,0,0
5,6,2006,7,30,97.1,490,0,0
5,6,2006,8,0,240.7,918,0,0
5,6,2006,8,30,340.3,673,0,0
5,6,2006,9,0,428.1,615,0,0
5,6,2006,9,30,526.1,617,0,0
5,6,2006,10,0,286.2,592,0,0
5,6,2006,10,30,517.7,550,0,0
5,6,2006,11,0,473.6,488,0,0
5,6,2006,11,30,466.2,454,0,0
5,6,2006,12,0,849.2,425,0,0
5,6,2006,12,30,890.4,398,0,0
5,6,2006,13,0,865.8,474,0,0
5,6,2006,13,30,943.5,450,0,0
5,6,2006,14,0,914.9,446,0,0
5,6,2006,14,30,248.3,438,0,0
5,6,2006,15,0,773.7,610,0,0
5,6,2006,15,30,147.3,373,0,0
5,6,2006,16,0,20.7,78,0,0
5,6,2006,16,30,14.9,16,0,0
5,6,2006,17,0,119.2,509,0,0
5,6,2006,17,30,64.1,87,0,0
5,6,2006,18,0,153.9,215,0,0
5,6,2006,18,30,66.2,184,0,0
5,6,2006,19,0,5,13,0,0
5,6,2006,19,30,19.5,25,0,0
5,6,2006,20,0,27.5,50,0,0
5,6,2006,20,30,9.3,23,0,0
5,6,2006,21,0,0,1,0,0
5,6,2006,21,30,0,0,0,0
5,6,2006,22,0,0,0,0,0
5,6,2006,22,30,0,0,0,0
5,6,2006,23,0,0,0,0,0
5,6,2006,23,30,0,0,0,0
6,6,2006,0,0,0,0,0,1
6,6,2006,0,30,0,0,0,1
6,6,2006,1,0,0,0,0,1
6,6,2006,1,30,0,0,0,1
6,6,2006,2,0,0,0,0,1
6,6,2006,2,30,0,0,0,1
6,6,2006,3,0,0,0,0,1
6,6,2006,3,30,0,0,0,1
6,6,2006,4,0,0,0,0,1
6,6,2006,4,30,0,0,0,1
6,6,2006,5,0,0,0,0,1
6,6,2006,5,30,0,0,0,1
6,6,2006,6,0,3.2,10,0,1
6,6,2006,6,30,3,8,0,1
6,6,2006,7,0,17.7,50,0,1
6,6,2006,7,30,28.6,107,0,1
6,6,2006,8,0,89.2,311,0,1
6,6,2006,8,30,145.9,372,0,1
6,6,2006,9,0,150.9,296,137.5,1
6,6,2006,9,30,531.1,487,140,1
6,6,2006,10,0,216.1,698,160,1
6,6,2006,10,30,723.7,1081,210,1
6,6,2006,11,0,545.8,1144,232.5,1
6,6,2006,11,30,920.7,589,247.5,1
6,6,2006,12,0,239.8,717,207.5,1
6,6,2006,12,30,439.4,995,205,1
6,6,2006,13,0,324.4,677,167.5,1
6,6,2006,13,30,911.4,323,135,1
6,6,2006,14,0,894.4,290,177.5,1
6,6,2006,14,30,938,330,155,1
6,6,2006,15,0,372.2,301,137.5,1
6,6,2006,15,30,244.2,573,152.5,1
6,6,2006,16,0,330.6,635,187.5,1
6,6,2006,16,30,796.1,339,190,1
6,6,2006,17,0,230,242,190,1
6,6,2006,17,30,369.2,453,195,1
6,6,2006,18,0,402,231,190,1
6,6,2006,18,30,174.1,156,142.5,1
6,6,2006,19,0,182.3,180,47.5,1
6,6,2006,19,30,124,113,47.5,1
6,6,2006,20,0,34.4,73,47.5,1
6,6,2006,20,30,14.6,41,0,1
6,6,2006,21,0,3,7,0,1
6,6,2006,21,30,0,0,0,1
6,6,2006,22,0,0,0,0,1
6,6,2006,22,30,0,0,0,1
6,6,2006,23,0,0,0,0,1
6,6,2006,23,30,0,0,0,1
7,6,2006,0,0,0,0,0,1
7,6,2006,0,30,0,0,0,1
7,6,2006,1,0,0,0,0,1
7,6,2006,1,30,0,0,0,1
7,6,2006,2,0,0,0,0,1
7,6,2006,2,30,0,0,0,1
7,6,2006,3,0,0,0,0,1
7,6,2006,3,30,0,0,0,1
7,6,2006,4,0,0,0,0,1
7,6,2006,4,30,0,0,0,1
7,6,2006,5,0,0,0,0,1
7,6,2006,5,30,0,0,0,1
7,6,2006,6,0,0,0,0,1
7,6,2006,6,30,2.3,4,0,1
7,6,2006,7,0,12.1,28,0,1
7,6,2006,7,30,20.1,62,402.5,1
7,6,2006,8,0,12.2,33,75,1
7,6,2006,8,30,33.2,76,0,1
7,6,2006,9,0,84.2,267,15,1
7,6,2006,9,30,57.4,140,247.5,1
7,6,2006,10,0,92.6,283,257.5,1
7,6,2006,10,30,47.5,134,285,1
7,6,2006,11,0,75.1,289,260,1
7,6,2006,11,30,103.2,373,265,1
7,6,2006,12,0,181,587,280,1
7,6,2006,12,30,203,488,267.5,1
7,6,2006,13,0,575.1,1255,162.5,1
7,6,2006,13,30,759.6,799,67.5,1
7,6,2006,14,0,1000,412,137.5,1
7,6,2006,14,30,138.3,413,157.5,1
7,6,2006,15,0,211.6,341,275,1
7,6,2006,15,30,203.3,446,320,1
7,6,2006,16,0,237.6,482,272.5,1
7,6,2006,16,30,374.3,711,257.5,1
7,6,2006,17,0,179.3,506,322.5,1
7,6,2006,17,30,160.7,683,325,1
7,6,2006,18,0,148.8,364,335,1
7,6,2006,18,30,173.6,326,327.5,1
7,6,2006,19,0,106,301,262.5,1
7,6,2006,19,30,47.9,194,225,1
7,6,2006,20,0,25.4,48,20,1
7,6,2006,20,30,5.3,14,0,1
7,6,2006,21,0,0,1,0,1
7,6,2006,21,30,0,0,0,1
7,6,2006,22,0,0,0,0,1
7,6,2006,22,30,0,0,0,1
7,6,2006,23,0,0,0,0,1
7,6,2006,23,30,0,0,0,1
8,6,2006,0,0,0,0,0,1
8,6,2006,0,30,0,0,0,1
8,6,2006,1,0,0,0,0,1
8,6,2006,1,30,0,0,0,1
8,6,2006,2,0,0,0,0,1
8,6,2006,2,30,0,0,0,1
8,6,2006,3,0,0,0,0,1
8,6,2006,3,30,0,0,0,1
8,6,2006,4,0,0,0,0,1
8,6,2006,4,30,0,0,0,1
8,6,2006,5,0,0,0,0,1
8,6,2006,5,30,0,0,0,1
8,6,2006,6,0,5.7,16,0,1
8,6,2006,6,30,33.9,132,0,1
8,6,2006,7,0,52.6,96,0,1
8,6,2006,7,30,124.2,385,37.5,1
8,6,2006,8,0,45.1,159,310,1
8,6,2006,8,30,163.6,607,75,1
8,6,2006,9,0,99.4,301,70,1
8,6,2006,9,30,186.9,623,237.5,1
8,6,2006,10,0,203.7,360,310,1
8,6,2006,10,30,200.5,763,352.5,1
8,6,2006,11,0,226.5,627,322.5,1
8,6,2006,11,30,450,1157,317.5,1
8,6,2006,12,0,391,1153,320,1
8,6,2006,12,30,230.2,573,330,1
8,6,2006,13,0,378,1273,287.5,1
8,6,2006,13,30,84.9,416,267.5,1
8,6,2006,14,0,422.8,1010,417.5,1
8,6,2006,14,30,504.5,1019,417.5,1
8,6,2006,15,0,1000,835,425,1
8,6,2006,15,30,314.6,611,425,1
8,6,2006,16,0,266.1,542,402.5,1
8,6,2006,16,30,398.5,735,410,1
8,6,2006,17,0,361.7,862,395,1
8,6,2006,17,30,641.9,398,397.5,1
8,6,2006,18,0,220.1,463,405,1
8,6,2006,18,30,415.3,234,400,1
8,6,2006,19,0,150.7,357,190,1
8,6,2006,19,30,92.4,327,190,1
8,6,2006,20,0,24.5,109,0,1
8,6,2006,20,30,5.6,14,0,1
8,6,2006,21,0,0,1,0,1
8,6,2006,21,30,0,0,0,1
8,6,2006,22,0,0,0,0,1
8,6,2006,22,30,0,0,0,1
8,6,2006,23,0,0,0,0,1
8,6,2006,23,30,0,0,0,1
9,6,2006,0,0,0,0,0,1
9,6,2006,0,30,0,0,0,1
9,6,2006,1,0,0,0,0,1
9,6,2006,1,30,0,0,0,1
9,6,2006,2,0,0,0,0,1
9,6,2006,2,30,0,0,0,1
9,6,2006,3,0,0,0,0,1
9,6,2006,3,30,0,0,0,1
9,6,2006,4,0,0,0,0,1
9,6,2006,4,30,0,0,0,1
9,6,2006,5,0,0,0,0,1
9,6,2006,5,30,0,0,0,1
9,6,2006,6,0,5.9,19,0,1
9,6,2006,6,30,10.2,14,0,1
9,6,2006,7,0,57.4,121,0,1
9,6,2006,7,30,64.7,285,405,1
9,6,2006,8,0,91.1,360,235,1
9,6,2006,8,30,363.2,726,0,1
9,6,2006,9,0,406,332,0,1
9,6,2006,9,30,616.9,713,135,1
9,6,2006,10,0,157,293,162.5,1
9,6,2006,10,30,210.2,454,187.5,1
9,6,2006,11,0,837.8,692,185,1
9,6,2006,11,30,912.6,311,200,1
9,6,2006,12,0,982.7,420,187.5,1
9,6,2006,12,30,612.8,555,187.5,1
9,6,2006,13,0,1000,382,202.5,1
9,6,2006,13,30,1000,816,190,1
9,6,2006,14,0,1000,450,137.5,1
9,6,2006,14,30,985.2,533,172.5,1
9,6,2006,15,0,929.7,911,182.5,1
9,6,2006,15,30,159.7,276,227.5,1
9,6,2006,16,0,926.8,395,220,1
9,6,2006,16,30,805.9,296,140,1
9,6,2006,17,0,443.5,621,190,1
9,6,2006,17,30,128.6,293,195,1
9,6,2006,18,0,109.7,367,192.5,1
9,6,2006,18,30,182.5,348,112.5,1
9,6,2006,19,0,128.4,321,0,1
9,6,2006,19,30,97.7,125,0,1
9,6,2006,20,0,39.7,97,0,1
9,6,2006,20,30,9.9,14,0,1
9,6,2006,21,0,0,1,0,1
9,6,2006,21,30,0,0,0,1
9,6,2006,22,0,0,0,0,1
9,6,2006,22,30,0,0,0,1
9,6,2006,23,0,0,0,0,1
9,6,2006,23,30,0,0,0,1
10,6,2006,0,0,0,0,0,1
10,6,2006,0,30,0,0,0,1
10,6,2006,1,0,0,0,0,1
10,6,2006,1,30,0,0,0,1
10,6,2006,2,0,0,0,0,1
10,6,2006,2,30,0,0,0,1
10,6,2006,3,0,0,0,0,1
10,6,2006,3,30,0,0,0,1
10,6,2006,4,0,0,0,0,1
10,6,2006,4,30,0,0,0,1
10,6,2006,5,0,0,0,0,1
10,6,2006,5,30,0,1,0,1
10,6,2006,6,0,7.9,22,0,1
10,6,2006,6,30,23.8,90,0,1
10,6,2006,7,0,35.8,127,0,1
10,6,2006,7,30,62,270,330,1
10,6,2006,8,0,308.7,1178,97.5,1
10,6,2006,8,30,86.2,259,0,1
10,6,2006,9,0,161,555,0,1
10,6,2006,9,30,161.3,462,87.5,1
10,6,2006,10,0,119.7,326,140,1
10,6,2006,10,30,177.1,737,212.5,1
10,6,2006,11,0,574.6,1066,195,1
10,6,2006,11,30,608.7,905,192.5,1
10,6,2006,12,0,904.6,849,187.5,1
10,6,2006,12,30,949,716,195,1
10,6,2006,13,0,1000,450,150,1
10,6,2006,13,30,957,618,115,1
10,6,2006,14,0,1000,570,122.5,1
10,6,2006,14,30,914.6,270,125,1
10,6,2006,15,0,863.8,376,130,1
10,6,2006,15,30,922.4,519,122.5,1
10,6,2006,16,0,339.4,540,115,1
10,6,2006,16,30,241.7,276,185,1
10,6,2006,17,0,574.1,589,190,1
10,6,2006,17,30,482.3,381,192.5,1
10,6,2006,18,0,101.1,169,190,1
10,6,2006,18,30,110.3,220,177.5,1
10,6,2006,19,0,175,150,47.5,1
10,6,2006,19,30,113.1,172,47.5,1
10,6,2006,20,0,46,79,0,1
10,6,2006,20,30,16.7,35,0,1
10,6,2006,21,0,0.7,4,0,1
10,6,2006,21,30,0,0,0,1
10,6,2006,22,0,0,0,0,1
10,6,2006,22,30,0,0,0,1
10,6,2006,23,0,0,0,0,1
10,6,2006,23,30,0,0,0,1
11,6,2006,0,0,0,0,0,0
11,6,2006,0,30,0,0,0,0
11,6,2006,1,0,0,0,0,0
11,6,2006,1,30,0,0,0,0
11,6,2006,2,0,0,0,0,0
11,6,2006,2,30,0,0,0,0
11,6,2006,3,0,0,0,0,0
11,6,2006,3,30,0,0,0,0
11,6,2006,4,0,0,0,0,0
11,6,2006,4,30,0,0,0,0
11,6,2006,5,0,0,0,0,0
11,6,2006,5,30,1.6,1,0,0
11,6,2006,6,0,13,29,0,0
11,6,2006,6,30,35.8,84,0,0
11,6,2006,7,0,66.2,183,0,0
11,6,2006,7,30,93.2,264,0,0
11,6,2006,8,0,102.8,471,0,0
11,6,2006,8,30,173.3,630,210,0
11,6,2006,9,0,235.5,642,365,0
11,6,2006,9,30,593.2,667,210,0
11,6,2006,10,0,399.2,645,195,0
11,6,2006,10,30,438.1,983,0,0
11,6,2006,11,0,714.4,1075,0,0
11,6,2006,11,30,860,546,0,0
11,6,2006,12,0,901.6,412,0,0
11,6,2006,12,30,807.4,482,0,0
11,6,2006,13,0,566.7,262,0,0
11,6,2006,13,30,808.8,292,0,0
11,6,2006,14,0,544.9,645,0,0
11,6,2006,14,30,459.1,508,0,0
11,6,2006,15,0,963.2,248,0,0
11,6,2006,15,30,882.5,304,0,0
11,6,2006,16,0,233.4,604,0,0
11,6,2006,16,30,289.9,692,0,0
11,6,2006,17,0,226.1,246,0,0
11,6,2006,17,30,151.9,282,0,0
11,6,2006,18,0,124.1,279,0,0
11,6,2006,18,30,102,255,0,0
11,6,2006,19,0,95.9,200,0,0
11,6,2006,19,30,102.2,153,0,0
11,6,2006,20,0,20.5,51,0,0
11,6,2006,20,30,9.1,25,0,0
11,6,2006,21,0,0,2,0,0
11,6,2006,21,30,0,0,0,0
11,6,2006,22,0,0,0,0,0
11,6,2006,22,30,0,0,0,0
11,6,2006,23,0,0,0,0,0
11,6,2006,23,30,0,0,0,0
12,6,2006,0,0,0,0,0,0
12,6,2006,0,30,0,0,0,0
12,6,2006,1,0,0,0,0,0
12,6,2006,1,30,0,0,0,0
12,6,2006,2,0,0,0,0,0
12,6,2006,2,30,0,0,0,0
12,6,2006,3,0,0,0,0,0
12,6,2006,3,30,0,0,0,0
12,6,2006,4,0,0,0,0,0
12,6,2006,4,30,0,0,0,0
12,6,2006,5,0,0,0,0,0
12,6,2006,5,30,0,0,0,0
12,6,2006,6,0,4.8,11,0,0
12,6,2006,6,30,25.5,97,0,0
12,6,2006,7,0,56.7,125,0,0
12,6,2006,7,30,97.5,282,0,0
12,6,2006,8,0,129.7,641,0,0
12,6,2006,8,30,185,635,0,0
12,6,2006,9,0,344.3,633,0,0
12,6,2006,9,30,587.5,672,0,0
12,6,2006,10,0,296.8,723,0,0
12,6,2006,10,30,499.7,1113,0,0
12,6,2006,11,0,466.6,1076,0,0
12,6,2006,11,30,396.4,865,0,0
12,6,2006,12,0,626.2,983,0,0
12,6,2006,12,30,638.8,1119,0,0
12,6,2006,13,0,312,720,0,0
12,6,2006,13,30,384.2,450,0,0
12,6,2006,14,0,987.9,1143,0,0
12,6,2006,14,30,1000,877,0,0
12,6,2006,15,0,256.3,472,0,0
12,6,2006,15,30,814.4,268,0,0
12,6,2006,16,0,474.5,534,0,0
12,6,2006,16,30,700.6,299,0,0
12,6,2006,17,0,593.5,224,0,0
12,6,2006,17,30,388.4,138,0,0
12,6,2006,18,0,408.2,180,0,0
12,6,2006,18,30,270.4,158,0,0
12,6,2006,19,0,179.8,143,0,0
12,6,2006,19,30,97.7,119,0,0
12,6,2006,20,0,44.3,98,0,0
12,6,2006,20,30,15.2,33,0,0
12,6,2006,21,0,0,2,0,0
12,6,2006,21,30,0,0,0,0
12,6,2006,22,0,0,0,0,0
12,6,2006,22,30,0,0,0,0
12,6,2006,23,0,0,0,0,0
12,6,2006,23,30,0,0,0,0
